anticodon	SQ326CT3	SQ66RA83	SQ8833G3	SQ276TY2	SQB2332M	maxmin
Arg-TCG	5.8	7.2	7.3	7.5	6.3	1.29
Leu-TAG	4.0	4.6	5.1	4.0	4.0	1.27
tRX-Trp	0.5	1.1	0.7	0.9	0.7	2.10
Leu-AAG	13.8	16.9	14.9	13.6	14.1	1.24
tRX-Ser	2.1	2.0	1.3	1.4	1.4	1.61
Phe-GAA	19.4	20.8	18.8	19.5	19.5	1.10
Lys-TTT	46.3	23.4	24.6	36.4	26.5	1.97
Asn-ATT	2.1	2.7	2.4	1.9	2.0	1.41
Ser-GCT	9.5	10.3	9.0	8.2	8.4	1.26
Gly-GCC	22.6	32.4	24.2	32.7	28.2	1.45
Leu-CAA	7.2	9.4	8.1	7.7	6.9	1.37
tRX-Ile	2.3	2.1	3.4	3.0	2.8	1.60
Glu-TTC	22.2	23.5	20.8	21.5	19.4	1.21
Ile-GAT	0.6	0.3	1.3	0.9	0.6	3.79
Lys-CTT	24.6	25.9	22.6	22.4	22.0	1.18
Pro-AGG	11.8	12.0	12.4	11.5	11.3	1.09
Ile-AAT	18.8	19.2	16.1	19.6	16.7	1.21
Val-CAC	25.1	26.2	24.7	23.1	23.3	1.13
His-GTG	11.0	11.1	10.6	9.3	10.0	1.18
tRX-Gln	3.6	3.3	3.2	2.7	3.0	1.36
Tyr-GTA	17.6	16.8	17.1	15.3	16.1	1.15
tRX-Leu	3.3	4.2	3.5	2.7	3.1	1.53
Cys-GCA	33.3	36.3	32.2	31.7	29.6	1.22
tRX-Ala	8.1	8.0	7.8	6.4	6.7	1.27
Ser-TGA	5.6	5.3	4.9	5.7	4.3	1.33
Asp-GTC	22.9	30.1	24.1	34.1	30.5	1.49
tRX-Val	3.9	5.5	5.0	5.2	5.2	1.39
Ala-TGC	10.6	14.0	11.7	9.4	9.4	1.49
Tyr-ATA	0.9	1.2	1.0	1.1	1.2	1.31
tRX-Pro	2.6	1.5	1.9	1.7	1.6	1.72
Gly-CCC	17.3	17.6	15.5	14.4	14.1	1.25
Met-CAT	11.9	12.6	11.7	10.9	10.5	1.20
tRX-Lys	6.4	7.2	6.4	6.9	6.1	1.18
Gln-TTG	10.1	9.9	10.4	8.5	9.1	1.23
Trp-CCA	6.5	7.9	7.0	7.4	7.0	1.22
Asn-GTT	43.4	49.3	44.6	39.9	39.7	1.24
tRX-Gly	4.1	3.3	3.6	3.5	3.3	1.23
Ala-AGC	38.0	39.3	35.0	33.5	32.5	1.21
Ser-ACT	1.0	0.9	0.8	0.7	1.0	1.39
tRX-Cys	4.5	4.9	4.7	4.7	4.2	1.17
Arg-CCT	8.0	9.6	8.4	7.2	7.5	1.33
Arg-TCT	6.3	7.1	5.9	6.8	5.6	1.25
tRX-Und	4.2	4.5	4.4	4.6	4.9	1.15
SeC-TCA	3.5	3.3	3.2	3.4	2.8	1.22
Val-TAC	6.8	6.2	5.3	6.2	5.1	1.33
tRX-Glu	2.6	2.8	2.1	1.4	1.9	1.97
Pro-TGG	7.6	9.3	8.5	9.8	9.2	1.29
tRX-Arg	2.4	2.4	2.3	2.1	2.6	1.21
Glu-CTC	19.4	29.0	19.7	28.4	24.3	1.49
Arg-CCG	3.9	3.8	3.8	3.8	3.9	1.04
Leu-TAA	4.6	6.9	5.6	5.0	5.0	1.51
Val-AAC	9.9	11.2	10.7	10.9	10.7	1.14
Gly-TCC	14.1	16.4	15.2	25.8	18.4	1.83
Ala-CGC	5.9	5.4	5.2	4.8	4.9	1.21
Sup-TTA	0.9	1.2	1.1	1.1	0.8	1.45
iMet-CAT	9.3	12.2	10.6	10.4	10.3	1.31
Arg-ACG	6.7	8.4	7.4	6.5	7.3	1.29
Cys-ACA	0.9	1.0	1.2	0.8	1.1	1.47
Ser-CGA	4.3	4.5	4.3	5.5	3.5	1.54
tRX-Met	2.1	2.5	1.7	1.6	2.0	1.58
Pro-CGG	4.7	4.5	4.4	4.1	3.8	1.23
Ile-TAT	5.7	5.9	5.6	4.8	4.8	1.24
Thr-TGT	6.8	8.5	6.2	5.8	6.6	1.47
tRX-Tyr	1.2	0.8	1.2	1.1	1.1	1.56
tRX-Phe	2.4	2.5	2.7	1.7	1.9	1.62
tRX-Asp	1.2	1.3	1.3	0.8	0.8	1.65
Thr-AGT	11.0	12.4	10.9	10.5	10.1	1.23
Gln-CTG	25.2	27.2	24.1	23.7	24.8	1.15
Leu-CAG	15.2	25.3	15.5	24.1	20.0	1.66
Thr-CGT	5.7	7.6	6.2	6.2	6.4	1.33
Pro-GGG	1.5	0.9	1.2	1.2	1.2	1.59
tRX-Asn	2.4	2.4	2.3	2.6	2.8	1.24
Ser-AGA	10.9	11.7	13.1	11.2	11.8	1.20
